<?xml version="1.0" encoding="UTF-8" standalone="no" ?> 
<ip_presets schema="1.0">
  <ip_preset preset_proc_name="ps7_preset">
    <ip vendor="xilinx.com" library="ip" name="processing_system7" version="*">
      <user_parameters>
	   <user_parameter name="CONFIG.PCW_ACT_APU_PERIPHERAL_FREQMHZ" value="650.000000"/>
	   <user_parameter name="CONFIG.PCW_ACT_CAN0_PERIPHERAL_FREQMHZ" value="23.8095"/>
	   <user_parameter name="CONFIG.PCW_ACT_CAN1_PERIPHERAL_FREQMHZ" value="23.8095"/>
	   <user_parameter name="CONFIG.PCW_ACT_CAN_PERIPHERAL_FREQMHZ" value="10.000000"/>
	   <user_parameter name="CONFIG.PCW_ACT_DCI_PERIPHERAL_FREQMHZ" value="10.096154"/>
	   <user_parameter name="CONFIG.PCW_ACT_ENET0_PERIPHERAL_FREQMHZ" value="125.000000"/>
	   <user_parameter name="CONFIG.PCW_ACT_ENET1_PERIPHERAL_FREQMHZ" value="10.000000"/>
	   <user_parameter name="CONFIG.PCW_ACT_FPGA0_PERIPHERAL_FREQMHZ" value="100.000000"/>
	   <user_parameter name="CONFIG.PCW_ACT_FPGA1_PERIPHERAL_FREQMHZ" value="10.000000"/>
	   <user_parameter name="CONFIG.PCW_ACT_FPGA2_PERIPHERAL_FREQMHZ" value="10.000000"/>
	   <user_parameter name="CONFIG.PCW_ACT_FPGA3_PERIPHERAL_FREQMHZ" value="10.000000"/>
	   <user_parameter name="CONFIG.PCW_ACT_I2C_PERIPHERAL_FREQMHZ" value="50"/>
	   <user_parameter name="CONFIG.PCW_ACT_PCAP_PERIPHERAL_FREQMHZ" value="200.000000"/>
	   <user_parameter name="CONFIG.PCW_ACT_QSPI_PERIPHERAL_FREQMHZ" value="200.000000"/>
	   <user_parameter name="CONFIG.PCW_ACT_SDIO_PERIPHERAL_FREQMHZ" value="50.000000"/>
	   <user_parameter name="CONFIG.PCW_ACT_SMC_PERIPHERAL_FREQMHZ" value="10.000000"/>
	   <user_parameter name="CONFIG.PCW_ACT_SPI_PERIPHERAL_FREQMHZ" value="10.000000"/>
	   <user_parameter name="CONFIG.PCW_ACT_TPIU_PERIPHERAL_FREQMHZ" value="200.000000"/>
	   <user_parameter name="CONFIG.PCW_ACT_TTC0_CLK0_PERIPHERAL_FREQMHZ" value="108.333336"/>
	   <user_parameter name="CONFIG.PCW_ACT_TTC0_CLK1_PERIPHERAL_FREQMHZ" value="108.333336"/>
	   <user_parameter name="CONFIG.PCW_ACT_TTC0_CLK2_PERIPHERAL_FREQMHZ" value="108.333336"/>
	   <user_parameter name="CONFIG.PCW_ACT_TTC1_CLK0_PERIPHERAL_FREQMHZ" value="108.333336"/>
	   <user_parameter name="CONFIG.PCW_ACT_TTC1_CLK1_PERIPHERAL_FREQMHZ" value="108.333336"/>
	   <user_parameter name="CONFIG.PCW_ACT_TTC1_CLK2_PERIPHERAL_FREQMHZ" value="108.333336"/>
	   <user_parameter name="CONFIG.PCW_ACT_TTC_PERIPHERAL_FREQMHZ" value="50"/>
	   <user_parameter name="CONFIG.PCW_ACT_UART_PERIPHERAL_FREQMHZ" value="100.000000"/>
	   <user_parameter name="CONFIG.PCW_ACT_USB0_PERIPHERAL_FREQMHZ" value="60"/>
	   <user_parameter name="CONFIG.PCW_ACT_USB1_PERIPHERAL_FREQMHZ" value="60"/>
	   <user_parameter name="CONFIG.PCW_ACT_WDT_PERIPHERAL_FREQMHZ" value="108.333336"/>
	   <user_parameter name="CONFIG.PCW_APU_CLK_RATIO_ENABLE" value="6:2:1"/>
	   <user_parameter name="CONFIG.PCW_APU_PERIPHERAL_FREQMHZ" value="650"/>
	   <user_parameter name="CONFIG.PCW_CAN0_PERIPHERAL_CLKSRC" value="External"/>
	   <user_parameter name="CONFIG.PCW_CAN0_PERIPHERAL_ENABLE" value="0"/>
	   <user_parameter name="CONFIG.PCW_CAN1_PERIPHERAL_CLKSRC" value="External"/>
	   <user_parameter name="CONFIG.PCW_CAN1_PERIPHERAL_ENABLE" value="0"/>
	   <user_parameter name="CONFIG.PCW_CAN_PERIPHERAL_CLKSRC" value="IO PLL"/>
	   <user_parameter name="CONFIG.PCW_CAN_PERIPHERAL_VALID" value="0"/>
	   <user_parameter name="CONFIG.PCW_CLK0_FREQ" value="100000000"/>
	   <user_parameter name="CONFIG.PCW_CLK1_FREQ" value="10000000"/>
	   <user_parameter name="CONFIG.PCW_CLK2_FREQ" value="10000000"/>
	   <user_parameter name="CONFIG.PCW_CLK3_FREQ" value="10000000"/>
	   <user_parameter name="CONFIG.PCW_CPU_CPU_6X4X_MAX_RANGE" value="667"/>
	   <user_parameter name="CONFIG.PCW_CPU_PERIPHERAL_CLKSRC" value="ARM PLL"/>
	   <user_parameter name="CONFIG.PCW_CRYSTAL_PERIPHERAL_FREQMHZ" value="50.000000"/>
	   <user_parameter name="CONFIG.PCW_DCI_PERIPHERAL_CLKSRC" value="DDR PLL"/>
	   <user_parameter name="CONFIG.PCW_DCI_PERIPHERAL_FREQMHZ" value="10.159"/>
	   <user_parameter name="CONFIG.PCW_DDR_PERIPHERAL_CLKSRC" value="DDR PLL"/>
	   <user_parameter name="CONFIG.PCW_DDR_RAM_BASEADDR" value="0x00100000"/>
	   <user_parameter name="CONFIG.PCW_DDR_RAM_HIGHADDR" value="0x1FFFFFFF"/>
	   <user_parameter name="CONFIG.PCW_DM_WIDTH" value="4"/>
	   <user_parameter name="CONFIG.PCW_DQS_WIDTH" value="4"/>
	   <user_parameter name="CONFIG.PCW_DQ_WIDTH" value="32"/>
	   <user_parameter name="CONFIG.PCW_ENET0_BASEADDR" value="0xE000B000"/>
	   <user_parameter name="CONFIG.PCW_ENET0_ENET0_IO" value="MIO 16 .. 27"/>
	   <user_parameter name="CONFIG.PCW_ENET0_GRP_MDIO_ENABLE" value="1"/>
	   <user_parameter name="CONFIG.PCW_ENET0_GRP_MDIO_IO" value="MIO 52 .. 53"/>
	   <user_parameter name="CONFIG.PCW_ENET0_HIGHADDR" value="0xE000BFFF"/>
	   <user_parameter name="CONFIG.PCW_ENET0_PERIPHERAL_CLKSRC" value="IO PLL"/>
	   <user_parameter name="CONFIG.PCW_ENET0_PERIPHERAL_ENABLE" value="1"/>
	   <user_parameter name="CONFIG.PCW_ENET0_PERIPHERAL_FREQMHZ" value="1000 Mbps"/>
	   <user_parameter name="CONFIG.PCW_ENET0_RESET_ENABLE" value="0"/>
	   <user_parameter name="CONFIG.PCW_ENET1_PERIPHERAL_CLKSRC" value="IO PLL"/>
	   <user_parameter name="CONFIG.PCW_ENET1_PERIPHERAL_ENABLE" value="0"/>
	   <user_parameter name="CONFIG.PCW_ENET_RESET_ENABLE" value="1"/>
	   <user_parameter name="CONFIG.PCW_ENET_RESET_POLARITY" value="Active Low"/>
	   <user_parameter name="CONFIG.PCW_ENET_RESET_SELECT" value="Share reset pin"/>
	   <user_parameter name="CONFIG.PCW_EN_4K_TIMER" value="0"/>
	   <user_parameter name="CONFIG.PCW_EN_CAN0" value="0"/>
	   <user_parameter name="CONFIG.PCW_EN_CAN1" value="0"/>
	   <user_parameter name="CONFIG.PCW_EN_CLK0_PORT" value="1"/>
	   <user_parameter name="CONFIG.PCW_EN_CLK1_PORT" value="0"/>
	   <user_parameter name="CONFIG.PCW_EN_CLK2_PORT" value="0"/>
	   <user_parameter name="CONFIG.PCW_EN_CLK3_PORT" value="0"/>
	   <user_parameter name="CONFIG.PCW_EN_CLKTRIG0_PORT" value="0"/>
	   <user_parameter name="CONFIG.PCW_EN_CLKTRIG1_PORT" value="0"/>
	   <user_parameter name="CONFIG.PCW_EN_CLKTRIG2_PORT" value="0"/>
	   <user_parameter name="CONFIG.PCW_EN_CLKTRIG3_PORT" value="0"/>
	   <user_parameter name="CONFIG.PCW_EN_DDR" value="1"/>
	   <user_parameter name="CONFIG.PCW_EN_EMIO_CAN0" value="0"/>
	   <user_parameter name="CONFIG.PCW_EN_EMIO_CAN1" value="0"/>
	   <user_parameter name="CONFIG.PCW_EN_EMIO_CD_SDIO0" value="0"/>
	   <user_parameter name="CONFIG.PCW_EN_EMIO_CD_SDIO1" value="0"/>
	   <user_parameter name="CONFIG.PCW_EN_EMIO_ENET0" value="0"/>
	   <user_parameter name="CONFIG.PCW_EN_EMIO_ENET1" value="0"/>
	   <user_parameter name="CONFIG.PCW_EN_EMIO_GPIO" value="0"/>
	   <user_parameter name="CONFIG.PCW_EN_EMIO_I2C0" value="0"/>
	   <user_parameter name="CONFIG.PCW_EN_EMIO_I2C1" value="0"/>
	   <user_parameter name="CONFIG.PCW_EN_EMIO_MODEM_UART0" value="0"/>
	   <user_parameter name="CONFIG.PCW_EN_EMIO_MODEM_UART1" value="0"/>
	   <user_parameter name="CONFIG.PCW_EN_EMIO_PJTAG" value="0"/>
	   <user_parameter name="CONFIG.PCW_EN_EMIO_SDIO0" value="0"/>
	   <user_parameter name="CONFIG.PCW_EN_EMIO_SDIO1" value="0"/>
	   <user_parameter name="CONFIG.PCW_EN_EMIO_SPI0" value="0"/>
	   <user_parameter name="CONFIG.PCW_EN_EMIO_SPI1" value="0"/>
	   <user_parameter name="CONFIG.PCW_EN_EMIO_SRAM_INT" value="0"/>
	   <user_parameter name="CONFIG.PCW_EN_EMIO_TRACE" value="0"/>
	   <user_parameter name="CONFIG.PCW_EN_EMIO_TTC0" value="1"/>
	   <user_parameter name="CONFIG.PCW_EN_EMIO_TTC1" value="0"/>
	   <user_parameter name="CONFIG.PCW_EN_EMIO_UART0" value="0"/>
	   <user_parameter name="CONFIG.PCW_EN_EMIO_UART1" value="0"/>
	   <user_parameter name="CONFIG.PCW_EN_EMIO_WDT" value="0"/>
	   <user_parameter name="CONFIG.PCW_EN_EMIO_WP_SDIO0" value="1"/>
	   <user_parameter name="CONFIG.PCW_EN_EMIO_WP_SDIO1" value="0"/>
	   <user_parameter name="CONFIG.PCW_EN_ENET0" value="1"/>
	   <user_parameter name="CONFIG.PCW_EN_ENET1" value="0"/>
	   <user_parameter name="CONFIG.PCW_EN_GPIO" value="1"/>
	   <user_parameter name="CONFIG.PCW_EN_I2C0" value="0"/>
	   <user_parameter name="CONFIG.PCW_EN_I2C1" value="0"/>
	   <user_parameter name="CONFIG.PCW_EN_MODEM_UART0" value="0"/>
	   <user_parameter name="CONFIG.PCW_EN_MODEM_UART1" value="0"/>
	   <user_parameter name="CONFIG.PCW_EN_PJTAG" value="0"/>
	   <user_parameter name="CONFIG.PCW_EN_PTP_ENET0" value="0"/>
	   <user_parameter name="CONFIG.PCW_EN_PTP_ENET1" value="0"/>
	   <user_parameter name="CONFIG.PCW_EN_QSPI" value="1"/>
	   <user_parameter name="CONFIG.PCW_EN_RST0_PORT" value="1"/>
	   <user_parameter name="CONFIG.PCW_EN_RST1_PORT" value="0"/>
	   <user_parameter name="CONFIG.PCW_EN_RST2_PORT" value="0"/>
	   <user_parameter name="CONFIG.PCW_EN_RST3_PORT" value="0"/>
	   <user_parameter name="CONFIG.PCW_EN_SDIO0" value="1"/>
	   <user_parameter name="CONFIG.PCW_EN_SDIO1" value="0"/>
	   <user_parameter name="CONFIG.PCW_EN_SMC" value="0"/>
	   <user_parameter name="CONFIG.PCW_EN_SPI0" value="0"/>
	   <user_parameter name="CONFIG.PCW_EN_SPI1" value="0"/>
	   <user_parameter name="CONFIG.PCW_EN_TRACE" value="0"/>
	   <user_parameter name="CONFIG.PCW_EN_TTC0" value="1"/>
	   <user_parameter name="CONFIG.PCW_EN_TTC1" value="0"/>
	   <user_parameter name="CONFIG.PCW_EN_UART0" value="0"/>
	   <user_parameter name="CONFIG.PCW_EN_UART1" value="1"/>
	   <user_parameter name="CONFIG.PCW_EN_USB0" value="1"/>
	   <user_parameter name="CONFIG.PCW_EN_USB1" value="0"/>
	   <user_parameter name="CONFIG.PCW_EN_WDT" value="0"/>
	   <user_parameter name="CONFIG.PCW_FCLK0_PERIPHERAL_CLKSRC" value="IO PLL"/>
	   <user_parameter name="CONFIG.PCW_FCLK1_PERIPHERAL_CLKSRC" value="IO PLL"/>
	   <user_parameter name="CONFIG.PCW_FCLK2_PERIPHERAL_CLKSRC" value="IO PLL"/>
	   <user_parameter name="CONFIG.PCW_FCLK3_PERIPHERAL_CLKSRC" value="IO PLL"/>
	   <user_parameter name="CONFIG.PCW_FCLK_CLK0_BUF" value="TRUE"/>
	   <user_parameter name="CONFIG.PCW_FPGA0_PERIPHERAL_FREQMHZ" value="100"/>
	   <user_parameter name="CONFIG.PCW_FPGA1_PERIPHERAL_FREQMHZ" value="50"/>
	   <user_parameter name="CONFIG.PCW_FPGA2_PERIPHERAL_FREQMHZ" value="50"/>
	   <user_parameter name="CONFIG.PCW_FPGA3_PERIPHERAL_FREQMHZ" value="50"/>
	   <user_parameter name="CONFIG.PCW_FPGA_FCLK0_ENABLE" value="1"/>
	   <user_parameter name="CONFIG.PCW_GP0_EN_MODIFIABLE_TXN" value="0"/>
	   <user_parameter name="CONFIG.PCW_GP0_NUM_READ_THREADS" value="4"/>
	   <user_parameter name="CONFIG.PCW_GP0_NUM_WRITE_THREADS" value="4"/>
	   <user_parameter name="CONFIG.PCW_GP1_EN_MODIFIABLE_TXN" value="0"/>
	   <user_parameter name="CONFIG.PCW_GP1_NUM_READ_THREADS" value="4"/>
	   <user_parameter name="CONFIG.PCW_GP1_NUM_WRITE_THREADS" value="4"/>
	   <user_parameter name="CONFIG.PCW_GPIO_BASEADDR" value="0xE000A000"/>
	   <user_parameter name="CONFIG.PCW_GPIO_EMIO_GPIO_ENABLE" value="0"/>
	   <user_parameter name="CONFIG.PCW_GPIO_HIGHADDR" value="0xE000AFFF"/>
	   <user_parameter name="CONFIG.PCW_GPIO_MIO_GPIO_ENABLE" value="1"/>
	   <user_parameter name="CONFIG.PCW_GPIO_MIO_GPIO_IO" value="MIO"/>
	   <user_parameter name="CONFIG.PCW_GPIO_PERIPHERAL_ENABLE" value="0"/>
	   <user_parameter name="CONFIG.PCW_I2C0_PERIPHERAL_ENABLE" value="0"/>
	   <user_parameter name="CONFIG.PCW_I2C1_PERIPHERAL_ENABLE" value="0"/>
	   <user_parameter name="CONFIG.PCW_I2C_RESET_ENABLE" value="1"/>
	   <user_parameter name="CONFIG.PCW_I2C_RESET_POLARITY" value="Active Low"/>
	   <user_parameter name="CONFIG.PCW_IMPORT_BOARD_PRESET" value="None"/>
	   <user_parameter name="CONFIG.PCW_INCLUDE_ACP_TRANS_CHECK" value="0"/>
	   <user_parameter name="CONFIG.PCW_IRQ_F2P_MODE" value="DIRECT"/>
	   <user_parameter name="CONFIG.PCW_MIO_0_IOTYPE" value="LVCMOS 3.3V"/>
	   <user_parameter name="CONFIG.PCW_MIO_0_PULLUP" value="enabled"/>
	   <user_parameter name="CONFIG.PCW_MIO_0_SLEW" value="slow"/>
	   <user_parameter name="CONFIG.PCW_MIO_10_IOTYPE" value="LVCMOS 3.3V"/>
	   <user_parameter name="CONFIG.PCW_MIO_10_PULLUP" value="enabled"/>
	   <user_parameter name="CONFIG.PCW_MIO_10_SLEW" value="slow"/>
	   <user_parameter name="CONFIG.PCW_MIO_11_IOTYPE" value="LVCMOS 3.3V"/>
	   <user_parameter name="CONFIG.PCW_MIO_11_PULLUP" value="enabled"/>
	   <user_parameter name="CONFIG.PCW_MIO_11_SLEW" value="slow"/>
	   <user_parameter name="CONFIG.PCW_MIO_12_IOTYPE" value="LVCMOS 3.3V"/>
	   <user_parameter name="CONFIG.PCW_MIO_12_PULLUP" value="enabled"/>
	   <user_parameter name="CONFIG.PCW_MIO_12_SLEW" value="slow"/>
	   <user_parameter name="CONFIG.PCW_MIO_13_IOTYPE" value="LVCMOS 3.3V"/>
	   <user_parameter name="CONFIG.PCW_MIO_13_PULLUP" value="enabled"/>
	   <user_parameter name="CONFIG.PCW_MIO_13_SLEW" value="slow"/>
	   <user_parameter name="CONFIG.PCW_MIO_14_IOTYPE" value="LVCMOS 3.3V"/>
	   <user_parameter name="CONFIG.PCW_MIO_14_PULLUP" value="enabled"/>
	   <user_parameter name="CONFIG.PCW_MIO_14_SLEW" value="slow"/>
	   <user_parameter name="CONFIG.PCW_MIO_15_IOTYPE" value="LVCMOS 3.3V"/>
	   <user_parameter name="CONFIG.PCW_MIO_15_PULLUP" value="enabled"/>
	   <user_parameter name="CONFIG.PCW_MIO_15_SLEW" value="slow"/>
	   <user_parameter name="CONFIG.PCW_MIO_16_IOTYPE" value="HSTL 1.8V"/>
	   <user_parameter name="CONFIG.PCW_MIO_16_PULLUP" value="disabled"/>
	   <user_parameter name="CONFIG.PCW_MIO_16_SLEW" value="fast"/>
	   <user_parameter name="CONFIG.PCW_MIO_17_IOTYPE" value="HSTL 1.8V"/>
	   <user_parameter name="CONFIG.PCW_MIO_17_PULLUP" value="disabled"/>
	   <user_parameter name="CONFIG.PCW_MIO_17_SLEW" value="fast"/>
	   <user_parameter name="CONFIG.PCW_MIO_18_IOTYPE" value="HSTL 1.8V"/>
	   <user_parameter name="CONFIG.PCW_MIO_18_PULLUP" value="disabled"/>
	   <user_parameter name="CONFIG.PCW_MIO_18_SLEW" value="fast"/>
	   <user_parameter name="CONFIG.PCW_MIO_19_IOTYPE" value="HSTL 1.8V"/>
	   <user_parameter name="CONFIG.PCW_MIO_19_PULLUP" value="disabled"/>
	   <user_parameter name="CONFIG.PCW_MIO_19_SLEW" value="fast"/>
	   <user_parameter name="CONFIG.PCW_MIO_1_IOTYPE" value="LVCMOS 3.3V"/>
	   <user_parameter name="CONFIG.PCW_MIO_1_PULLUP" value="disabled"/>
	   <user_parameter name="CONFIG.PCW_MIO_1_SLEW" value="fast"/>
	   <user_parameter name="CONFIG.PCW_MIO_20_IOTYPE" value="HSTL 1.8V"/>
	   <user_parameter name="CONFIG.PCW_MIO_20_PULLUP" value="disabled"/>
	   <user_parameter name="CONFIG.PCW_MIO_20_SLEW" value="fast"/>
	   <user_parameter name="CONFIG.PCW_MIO_21_IOTYPE" value="HSTL 1.8V"/>
	   <user_parameter name="CONFIG.PCW_MIO_21_PULLUP" value="disabled"/>
	   <user_parameter name="CONFIG.PCW_MIO_21_SLEW" value="fast"/>
	   <user_parameter name="CONFIG.PCW_MIO_22_IOTYPE" value="HSTL 1.8V"/>
	   <user_parameter name="CONFIG.PCW_MIO_22_PULLUP" value="disabled"/>
	   <user_parameter name="CONFIG.PCW_MIO_22_SLEW" value="fast"/>
	   <user_parameter name="CONFIG.PCW_MIO_23_IOTYPE" value="HSTL 1.8V"/>
	   <user_parameter name="CONFIG.PCW_MIO_23_PULLUP" value="disabled"/>
	   <user_parameter name="CONFIG.PCW_MIO_23_SLEW" value="fast"/>
	   <user_parameter name="CONFIG.PCW_MIO_24_IOTYPE" value="HSTL 1.8V"/>
	   <user_parameter name="CONFIG.PCW_MIO_24_PULLUP" value="disabled"/>
	   <user_parameter name="CONFIG.PCW_MIO_24_SLEW" value="fast"/>
	   <user_parameter name="CONFIG.PCW_MIO_25_IOTYPE" value="HSTL 1.8V"/>
	   <user_parameter name="CONFIG.PCW_MIO_25_PULLUP" value="disabled"/>
	   <user_parameter name="CONFIG.PCW_MIO_25_SLEW" value="fast"/>
	   <user_parameter name="CONFIG.PCW_MIO_26_IOTYPE" value="HSTL 1.8V"/>
	   <user_parameter name="CONFIG.PCW_MIO_26_PULLUP" value="disabled"/>
	   <user_parameter name="CONFIG.PCW_MIO_26_SLEW" value="fast"/>
	   <user_parameter name="CONFIG.PCW_MIO_27_IOTYPE" value="HSTL 1.8V"/>
	   <user_parameter name="CONFIG.PCW_MIO_27_PULLUP" value="disabled"/>
	   <user_parameter name="CONFIG.PCW_MIO_27_SLEW" value="fast"/>
	   <user_parameter name="CONFIG.PCW_MIO_28_IOTYPE" value="LVCMOS 1.8V"/>
	   <user_parameter name="CONFIG.PCW_MIO_28_PULLUP" value="disabled"/>
	   <user_parameter name="CONFIG.PCW_MIO_28_SLEW" value="fast"/>
	   <user_parameter name="CONFIG.PCW_MIO_29_IOTYPE" value="LVCMOS 1.8V"/>
	   <user_parameter name="CONFIG.PCW_MIO_29_PULLUP" value="disabled"/>
	   <user_parameter name="CONFIG.PCW_MIO_29_SLEW" value="fast"/>
	   <user_parameter name="CONFIG.PCW_MIO_2_IOTYPE" value="LVCMOS 3.3V"/>
	   <user_parameter name="CONFIG.PCW_MIO_2_SLEW" value="fast"/>
	   <user_parameter name="CONFIG.PCW_MIO_30_IOTYPE" value="LVCMOS 1.8V"/>
	   <user_parameter name="CONFIG.PCW_MIO_30_PULLUP" value="disabled"/>
	   <user_parameter name="CONFIG.PCW_MIO_30_SLEW" value="fast"/>
	   <user_parameter name="CONFIG.PCW_MIO_31_IOTYPE" value="LVCMOS 1.8V"/>
	   <user_parameter name="CONFIG.PCW_MIO_31_PULLUP" value="disabled"/>
	   <user_parameter name="CONFIG.PCW_MIO_31_SLEW" value="fast"/>
	   <user_parameter name="CONFIG.PCW_MIO_32_IOTYPE" value="LVCMOS 1.8V"/>
	   <user_parameter name="CONFIG.PCW_MIO_32_PULLUP" value="disabled"/>
	   <user_parameter name="CONFIG.PCW_MIO_32_SLEW" value="fast"/>
	   <user_parameter name="CONFIG.PCW_MIO_33_IOTYPE" value="LVCMOS 1.8V"/>
	   <user_parameter name="CONFIG.PCW_MIO_33_PULLUP" value="disabled"/>
	   <user_parameter name="CONFIG.PCW_MIO_33_SLEW" value="fast"/>
	   <user_parameter name="CONFIG.PCW_MIO_34_IOTYPE" value="LVCMOS 1.8V"/>
	   <user_parameter name="CONFIG.PCW_MIO_34_PULLUP" value="disabled"/>
	   <user_parameter name="CONFIG.PCW_MIO_34_SLEW" value="fast"/>
	   <user_parameter name="CONFIG.PCW_MIO_35_IOTYPE" value="LVCMOS 1.8V"/>
	   <user_parameter name="CONFIG.PCW_MIO_35_PULLUP" value="disabled"/>
	   <user_parameter name="CONFIG.PCW_MIO_35_SLEW" value="fast"/>
	   <user_parameter name="CONFIG.PCW_MIO_36_IOTYPE" value="LVCMOS 1.8V"/>
	   <user_parameter name="CONFIG.PCW_MIO_36_PULLUP" value="disabled"/>
	   <user_parameter name="CONFIG.PCW_MIO_36_SLEW" value="fast"/>
	   <user_parameter name="CONFIG.PCW_MIO_37_IOTYPE" value="LVCMOS 1.8V"/>
	   <user_parameter name="CONFIG.PCW_MIO_37_PULLUP" value="disabled"/>
	   <user_parameter name="CONFIG.PCW_MIO_37_SLEW" value="fast"/>
	   <user_parameter name="CONFIG.PCW_MIO_38_IOTYPE" value="LVCMOS 1.8V"/>
	   <user_parameter name="CONFIG.PCW_MIO_38_PULLUP" value="disabled"/>
	   <user_parameter name="CONFIG.PCW_MIO_38_SLEW" value="fast"/>
	   <user_parameter name="CONFIG.PCW_MIO_39_IOTYPE" value="LVCMOS 1.8V"/>
	   <user_parameter name="CONFIG.PCW_MIO_39_PULLUP" value="disabled"/>
	   <user_parameter name="CONFIG.PCW_MIO_39_SLEW" value="fast"/>
	   <user_parameter name="CONFIG.PCW_MIO_3_IOTYPE" value="LVCMOS 3.3V"/>
	   <user_parameter name="CONFIG.PCW_MIO_3_SLEW" value="fast"/>
	   <user_parameter name="CONFIG.PCW_MIO_40_IOTYPE" value="LVCMOS 1.8V"/>
	   <user_parameter name="CONFIG.PCW_MIO_40_PULLUP" value="disabled"/>
	   <user_parameter name="CONFIG.PCW_MIO_40_SLEW" value="fast"/>
	   <user_parameter name="CONFIG.PCW_MIO_41_IOTYPE" value="LVCMOS 1.8V"/>
	   <user_parameter name="CONFIG.PCW_MIO_41_PULLUP" value="disabled"/>
	   <user_parameter name="CONFIG.PCW_MIO_41_SLEW" value="fast"/>
	   <user_parameter name="CONFIG.PCW_MIO_42_IOTYPE" value="LVCMOS 1.8V"/>
	   <user_parameter name="CONFIG.PCW_MIO_42_PULLUP" value="disabled"/>
	   <user_parameter name="CONFIG.PCW_MIO_42_SLEW" value="fast"/>
	   <user_parameter name="CONFIG.PCW_MIO_43_IOTYPE" value="LVCMOS 1.8V"/>
	   <user_parameter name="CONFIG.PCW_MIO_43_PULLUP" value="disabled"/>
	   <user_parameter name="CONFIG.PCW_MIO_43_SLEW" value="fast"/>
	   <user_parameter name="CONFIG.PCW_MIO_44_IOTYPE" value="LVCMOS 1.8V"/>
	   <user_parameter name="CONFIG.PCW_MIO_44_PULLUP" value="disabled"/>
	   <user_parameter name="CONFIG.PCW_MIO_44_SLEW" value="fast"/>
	   <user_parameter name="CONFIG.PCW_MIO_45_IOTYPE" value="LVCMOS 1.8V"/>
	   <user_parameter name="CONFIG.PCW_MIO_45_PULLUP" value="disabled"/>
	   <user_parameter name="CONFIG.PCW_MIO_45_SLEW" value="fast"/>
	   <user_parameter name="CONFIG.PCW_MIO_46_IOTYPE" value="LVCMOS 1.8V"/>
	   <user_parameter name="CONFIG.PCW_MIO_46_PULLUP" value="enabled"/>
	   <user_parameter name="CONFIG.PCW_MIO_46_SLEW" value="slow"/>
	   <user_parameter name="CONFIG.PCW_MIO_47_IOTYPE" value="LVCMOS 1.8V"/>
	   <user_parameter name="CONFIG.PCW_MIO_47_PULLUP" value="disabled"/>
	   <user_parameter name="CONFIG.PCW_MIO_47_SLEW" value="slow"/>
	   <user_parameter name="CONFIG.PCW_MIO_48_IOTYPE" value="LVCMOS 1.8V"/>
	   <user_parameter name="CONFIG.PCW_MIO_48_PULLUP" value="disabled"/>
	   <user_parameter name="CONFIG.PCW_MIO_48_SLEW" value="slow"/>
	   <user_parameter name="CONFIG.PCW_MIO_49_IOTYPE" value="LVCMOS 1.8V"/>
	   <user_parameter name="CONFIG.PCW_MIO_49_PULLUP" value="disabled"/>
	   <user_parameter name="CONFIG.PCW_MIO_49_SLEW" value="slow"/>
	   <user_parameter name="CONFIG.PCW_MIO_4_IOTYPE" value="LVCMOS 3.3V"/>
	   <user_parameter name="CONFIG.PCW_MIO_4_SLEW" value="fast"/>
	   <user_parameter name="CONFIG.PCW_MIO_50_DIRECTION" value="inout"/>
	   <user_parameter name="CONFIG.PCW_MIO_50_IOTYPE" value="LVCMOS 1.8V"/>
	   <user_parameter name="CONFIG.PCW_MIO_50_PULLUP" value="disabled"/>
	   <user_parameter name="CONFIG.PCW_MIO_50_SLEW" value="slow"/>
	   <user_parameter name="CONFIG.PCW_MIO_51_DIRECTION" value="inout"/>
	   <user_parameter name="CONFIG.PCW_MIO_51_IOTYPE" value="LVCMOS 1.8V"/>
	   <user_parameter name="CONFIG.PCW_MIO_51_PULLUP" value="disabled"/>
	   <user_parameter name="CONFIG.PCW_MIO_51_SLEW" value="slow"/>
	   <user_parameter name="CONFIG.PCW_MIO_52_IOTYPE" value="LVCMOS 1.8V"/>
	   <user_parameter name="CONFIG.PCW_MIO_52_PULLUP" value="disabled"/>
	   <user_parameter name="CONFIG.PCW_MIO_52_SLEW" value="slow"/>
	   <user_parameter name="CONFIG.PCW_MIO_53_IOTYPE" value="LVCMOS 1.8V"/>
	   <user_parameter name="CONFIG.PCW_MIO_53_PULLUP" value="disabled"/>
	   <user_parameter name="CONFIG.PCW_MIO_53_SLEW" value="slow"/>
	   <user_parameter name="CONFIG.PCW_MIO_5_IOTYPE" value="LVCMOS 3.3V"/>
	   <user_parameter name="CONFIG.PCW_MIO_5_SLEW" value="fast"/>
	   <user_parameter name="CONFIG.PCW_MIO_6_IOTYPE" value="LVCMOS 3.3V"/>
	   <user_parameter name="CONFIG.PCW_MIO_6_SLEW" value="fast"/>
	   <user_parameter name="CONFIG.PCW_MIO_7_IOTYPE" value="LVCMOS 3.3V"/>
	   <user_parameter name="CONFIG.PCW_MIO_7_SLEW" value="slow"/>
	   <user_parameter name="CONFIG.PCW_MIO_8_IOTYPE" value="LVCMOS 3.3V"/>
	   <user_parameter name="CONFIG.PCW_MIO_8_SLEW" value="fast"/>
	   <user_parameter name="CONFIG.PCW_MIO_9_IOTYPE" value="LVCMOS 3.3V"/>
	   <user_parameter name="CONFIG.PCW_MIO_9_PULLUP" value="enabled"/>
	   <user_parameter name="CONFIG.PCW_MIO_9_SLEW" value="slow"/>
	   <user_parameter name="CONFIG.PCW_MIO_PRIMITIVE" value="54"/>
	   <user_parameter name="CONFIG.PCW_MIO_TREE_PERIPHERALS" value="GPIO#Quad SPI Flash#Quad SPI Flash#Quad SPI Flash#Quad SPI Flash#Quad SPI Flash#Quad SPI Flash#GPIO#Quad SPI Flash#GPIO#GPIO#GPIO#GPIO#GPIO#GPIO#GPIO#Enet 0#Enet 0#Enet 0#Enet 0#Enet 0#Enet 0#Enet 0#Enet 0#Enet 0#Enet 0#Enet 0#Enet 0#USB 0#USB 0#USB 0#USB 0#USB 0#USB 0#USB 0#USB 0#USB 0#USB 0#USB 0#USB 0#SD 0#SD 0#SD 0#SD 0#SD 0#SD 0#USB Reset#SD 0#UART 1#UART 1#GPIO#GPIO#Enet 0#Enet 0"/>
	   <user_parameter name="CONFIG.PCW_MIO_TREE_SIGNALS" value="gpio[0]#qspi0_ss_b#qspi0_io[0]#qspi0_io[1]#qspi0_io[2]#qspi0_io[3]/HOLD_B#qspi0_sclk#gpio[7]#qspi_fbclk#gpio[9]#gpio[10]#gpio[11]#gpio[12]#gpio[13]#gpio[14]#gpio[15]#tx_clk#txd[0]#txd[1]#txd[2]#txd[3]#tx_ctl#rx_clk#rxd[0]#rxd[1]#rxd[2]#rxd[3]#rx_ctl#data[4]#dir#stp#nxt#data[0]#data[1]#data[2]#data[3]#clk#data[5]#data[6]#data[7]#clk#cmd#data[0]#data[1]#data[2]#data[3]#reset#cd#tx#rx#gpio[50]#gpio[51]#mdc#mdio"/>
	   <user_parameter name="CONFIG.PCW_M_AXI_GP0_ENABLE_STATIC_REMAP" value="0"/>
	   <user_parameter name="CONFIG.PCW_M_AXI_GP0_ID_WIDTH" value="12"/>
	   <user_parameter name="CONFIG.PCW_M_AXI_GP0_SUPPORT_NARROW_BURST" value="0"/>
	   <user_parameter name="CONFIG.PCW_M_AXI_GP0_THREAD_ID_WIDTH" value="12"/>
	   <user_parameter name="CONFIG.PCW_NAND_CYCLES_T_AR" value="1"/>
	   <user_parameter name="CONFIG.PCW_NAND_CYCLES_T_CLR" value="1"/>
	   <user_parameter name="CONFIG.PCW_NAND_CYCLES_T_RC" value="11"/>
	   <user_parameter name="CONFIG.PCW_NAND_CYCLES_T_REA" value="1"/>
	   <user_parameter name="CONFIG.PCW_NAND_CYCLES_T_RR" value="1"/>
	   <user_parameter name="CONFIG.PCW_NAND_CYCLES_T_WC" value="11"/>
	   <user_parameter name="CONFIG.PCW_NAND_CYCLES_T_WP" value="1"/>
	   <user_parameter name="CONFIG.PCW_NOR_CS0_T_CEOE" value="1"/>
	   <user_parameter name="CONFIG.PCW_NOR_CS0_T_PC" value="1"/>
	   <user_parameter name="CONFIG.PCW_NOR_CS0_T_RC" value="11"/>
	   <user_parameter name="CONFIG.PCW_NOR_CS0_T_TR" value="1"/>
	   <user_parameter name="CONFIG.PCW_NOR_CS0_T_WC" value="11"/>
	   <user_parameter name="CONFIG.PCW_NOR_CS0_T_WP" value="1"/>
	   <user_parameter name="CONFIG.PCW_NOR_CS0_WE_TIME" value="0"/>
	   <user_parameter name="CONFIG.PCW_NOR_CS1_T_CEOE" value="1"/>
	   <user_parameter name="CONFIG.PCW_NOR_CS1_T_PC" value="1"/>
	   <user_parameter name="CONFIG.PCW_NOR_CS1_T_RC" value="11"/>
	   <user_parameter name="CONFIG.PCW_NOR_CS1_T_TR" value="1"/>
	   <user_parameter name="CONFIG.PCW_NOR_CS1_T_WC" value="11"/>
	   <user_parameter name="CONFIG.PCW_NOR_CS1_T_WP" value="1"/>
	   <user_parameter name="CONFIG.PCW_NOR_CS1_WE_TIME" value="0"/>
	   <user_parameter name="CONFIG.PCW_NOR_SRAM_CS0_T_CEOE" value="1"/>
	   <user_parameter name="CONFIG.PCW_NOR_SRAM_CS0_T_PC" value="1"/>
	   <user_parameter name="CONFIG.PCW_NOR_SRAM_CS0_T_RC" value="11"/>
	   <user_parameter name="CONFIG.PCW_NOR_SRAM_CS0_T_TR" value="1"/>
	   <user_parameter name="CONFIG.PCW_NOR_SRAM_CS0_T_WC" value="11"/>
	   <user_parameter name="CONFIG.PCW_NOR_SRAM_CS0_T_WP" value="1"/>
	   <user_parameter name="CONFIG.PCW_NOR_SRAM_CS0_WE_TIME" value="0"/>
	   <user_parameter name="CONFIG.PCW_NOR_SRAM_CS1_T_CEOE" value="1"/>
	   <user_parameter name="CONFIG.PCW_NOR_SRAM_CS1_T_PC" value="1"/>
	   <user_parameter name="CONFIG.PCW_NOR_SRAM_CS1_T_RC" value="11"/>
	   <user_parameter name="CONFIG.PCW_NOR_SRAM_CS1_T_TR" value="1"/>
	   <user_parameter name="CONFIG.PCW_NOR_SRAM_CS1_T_WC" value="11"/>
	   <user_parameter name="CONFIG.PCW_NOR_SRAM_CS1_T_WP" value="1"/>
	   <user_parameter name="CONFIG.PCW_NOR_SRAM_CS1_WE_TIME" value="0"/>
	   <user_parameter name="CONFIG.PCW_OVERRIDE_BASIC_CLOCK" value="0"/>
	   <user_parameter name="CONFIG.PCW_PACKAGE_DDR_BOARD_DELAY0" value="0.080"/>
	   <user_parameter name="CONFIG.PCW_PACKAGE_DDR_BOARD_DELAY1" value="0.063"/>
	   <user_parameter name="CONFIG.PCW_PACKAGE_DDR_BOARD_DELAY2" value="0.057"/>
	   <user_parameter name="CONFIG.PCW_PACKAGE_DDR_BOARD_DELAY3" value="0.068"/>
	   <user_parameter name="CONFIG.PCW_PACKAGE_DDR_DQS_TO_CLK_DELAY_0" value="-0.047"/>
	   <user_parameter name="CONFIG.PCW_PACKAGE_DDR_DQS_TO_CLK_DELAY_1" value="-0.025"/>
	   <user_parameter name="CONFIG.PCW_PACKAGE_DDR_DQS_TO_CLK_DELAY_2" value="-0.006"/>
	   <user_parameter name="CONFIG.PCW_PACKAGE_DDR_DQS_TO_CLK_DELAY_3" value="-0.017"/>
	   <user_parameter name="CONFIG.PCW_PACKAGE_NAME" value="clg400"/>
	   <user_parameter name="CONFIG.PCW_PCAP_PERIPHERAL_CLKSRC" value="IO PLL"/>
	   <user_parameter name="CONFIG.PCW_PCAP_PERIPHERAL_FREQMHZ" value="200"/>
	   <user_parameter name="CONFIG.PCW_PERIPHERAL_BOARD_PRESET" value="part0"/>
	   <user_parameter name="CONFIG.PCW_PJTAG_PERIPHERAL_ENABLE" value="0"/>
	   <user_parameter name="CONFIG.PCW_PLL_BYPASSMODE_ENABLE" value="0"/>
	   <user_parameter name="CONFIG.PCW_PRESET_BANK0_VOLTAGE" value="LVCMOS 3.3V"/>
	   <user_parameter name="CONFIG.PCW_PRESET_BANK1_VOLTAGE" value="LVCMOS 1.8V"/>
	   <user_parameter name="CONFIG.PCW_PS7_SI_REV" value="PRODUCTION"/>
	   <user_parameter name="CONFIG.PCW_QSPI_GRP_FBCLK_ENABLE" value="1"/>
	   <user_parameter name="CONFIG.PCW_QSPI_GRP_FBCLK_IO" value="MIO 8"/>
	   <user_parameter name="CONFIG.PCW_QSPI_GRP_IO1_ENABLE" value="0"/>
	   <user_parameter name="CONFIG.PCW_QSPI_GRP_SINGLE_SS_ENABLE" value="1"/>
	   <user_parameter name="CONFIG.PCW_QSPI_GRP_SINGLE_SS_IO" value="MIO 1 .. 6"/>
	   <user_parameter name="CONFIG.PCW_QSPI_GRP_SS1_ENABLE" value="0"/>
	   <user_parameter name="CONFIG.PCW_QSPI_INTERNAL_HIGHADDRESS" value="0xFCFFFFFF"/>
	   <user_parameter name="CONFIG.PCW_QSPI_PERIPHERAL_CLKSRC" value="IO PLL"/>
	   <user_parameter name="CONFIG.PCW_QSPI_PERIPHERAL_ENABLE" value="1"/>
	   <user_parameter name="CONFIG.PCW_QSPI_PERIPHERAL_FREQMHZ" value="200"/>
	   <user_parameter name="CONFIG.PCW_QSPI_QSPI_IO" value="MIO 1 .. 6"/>
	   <user_parameter name="CONFIG.PCW_SD0_GRP_CD_ENABLE" value="1"/>
	   <user_parameter name="CONFIG.PCW_SD0_GRP_CD_IO" value="MIO 47"/>
	   <user_parameter name="CONFIG.PCW_SD0_GRP_POW_ENABLE" value="0"/>
	   <user_parameter name="CONFIG.PCW_SD0_GRP_WP_ENABLE" value="1"/>
	   <user_parameter name="CONFIG.PCW_SD0_GRP_WP_IO" value="EMIO"/>
	   <user_parameter name="CONFIG.PCW_SD0_PERIPHERAL_ENABLE" value="1"/>
	   <user_parameter name="CONFIG.PCW_SD0_SD0_IO" value="MIO 40 .. 45"/>
	   <user_parameter name="CONFIG.PCW_SD1_PERIPHERAL_ENABLE" value="0"/>
	   <user_parameter name="CONFIG.PCW_SDIO0_BASEADDR" value="0xE0100000"/>
	   <user_parameter name="CONFIG.PCW_SDIO0_HIGHADDR" value="0xE0100FFF"/>
	   <user_parameter name="CONFIG.PCW_SDIO_PERIPHERAL_CLKSRC" value="IO PLL"/>
	   <user_parameter name="CONFIG.PCW_SDIO_PERIPHERAL_FREQMHZ" value="50"/>
	   <user_parameter name="CONFIG.PCW_SDIO_PERIPHERAL_VALID" value="1"/>
	   <user_parameter name="CONFIG.PCW_SINGLE_QSPI_DATA_MODE" value="x4"/>
	   <user_parameter name="CONFIG.PCW_SMC_CYCLE_T0" value="NA"/>
	   <user_parameter name="CONFIG.PCW_SMC_CYCLE_T1" value="NA"/>
	   <user_parameter name="CONFIG.PCW_SMC_CYCLE_T2" value="NA"/>
	   <user_parameter name="CONFIG.PCW_SMC_CYCLE_T3" value="NA"/>
	   <user_parameter name="CONFIG.PCW_SMC_CYCLE_T4" value="NA"/>
	   <user_parameter name="CONFIG.PCW_SMC_CYCLE_T5" value="NA"/>
	   <user_parameter name="CONFIG.PCW_SMC_CYCLE_T6" value="NA"/>
	   <user_parameter name="CONFIG.PCW_SMC_PERIPHERAL_CLKSRC" value="IO PLL"/>
	   <user_parameter name="CONFIG.PCW_SMC_PERIPHERAL_VALID" value="0"/>
	   <user_parameter name="CONFIG.PCW_SPI0_PERIPHERAL_ENABLE" value="0"/>
	   <user_parameter name="CONFIG.PCW_SPI1_PERIPHERAL_ENABLE" value="0"/>
	   <user_parameter name="CONFIG.PCW_SPI_PERIPHERAL_CLKSRC" value="IO PLL"/>
	   <user_parameter name="CONFIG.PCW_SPI_PERIPHERAL_VALID" value="0"/>
	   <user_parameter name="CONFIG.PCW_S_AXI_HP0_DATA_WIDTH" value="64"/>
	   <user_parameter name="CONFIG.PCW_S_AXI_HP1_DATA_WIDTH" value="64"/>
	   <user_parameter name="CONFIG.PCW_S_AXI_HP2_DATA_WIDTH" value="64"/>
	   <user_parameter name="CONFIG.PCW_S_AXI_HP3_DATA_WIDTH" value="64"/>
	   <user_parameter name="CONFIG.PCW_TPIU_PERIPHERAL_CLKSRC" value="External"/>
	   <user_parameter name="CONFIG.PCW_TRACE_INTERNAL_WIDTH" value="2"/>
	   <user_parameter name="CONFIG.PCW_TRACE_PERIPHERAL_ENABLE" value="0"/>
	   <user_parameter name="CONFIG.PCW_TTC0_BASEADDR" value="0xE0104000"/>
	   <user_parameter name="CONFIG.PCW_TTC0_CLK0_PERIPHERAL_CLKSRC" value="CPU_1X"/>
	   <user_parameter name="CONFIG.PCW_TTC0_CLK0_PERIPHERAL_DIVISOR0" value="1"/>
	   <user_parameter name="CONFIG.PCW_TTC0_CLK1_PERIPHERAL_CLKSRC" value="CPU_1X"/>
	   <user_parameter name="CONFIG.PCW_TTC0_CLK1_PERIPHERAL_DIVISOR0" value="1"/>
	   <user_parameter name="CONFIG.PCW_TTC0_CLK2_PERIPHERAL_CLKSRC" value="CPU_1X"/>
	   <user_parameter name="CONFIG.PCW_TTC0_CLK2_PERIPHERAL_DIVISOR0" value="1"/>
	   <user_parameter name="CONFIG.PCW_TTC0_HIGHADDR" value="0xE0104fff"/>
	   <user_parameter name="CONFIG.PCW_TTC0_PERIPHERAL_ENABLE" value="1"/>
	   <user_parameter name="CONFIG.PCW_TTC0_TTC0_IO" value="EMIO"/>
	   <user_parameter name="CONFIG.PCW_TTC1_CLK0_PERIPHERAL_CLKSRC" value="CPU_1X"/>
	   <user_parameter name="CONFIG.PCW_TTC1_CLK0_PERIPHERAL_DIVISOR0" value="1"/>
	   <user_parameter name="CONFIG.PCW_TTC1_CLK1_PERIPHERAL_CLKSRC" value="CPU_1X"/>
	   <user_parameter name="CONFIG.PCW_TTC1_CLK1_PERIPHERAL_DIVISOR0" value="1"/>
	   <user_parameter name="CONFIG.PCW_TTC1_CLK2_PERIPHERAL_CLKSRC" value="CPU_1X"/>
	   <user_parameter name="CONFIG.PCW_TTC1_CLK2_PERIPHERAL_DIVISOR0" value="1"/>
	   <user_parameter name="CONFIG.PCW_TTC1_PERIPHERAL_ENABLE" value="0"/>
	   <user_parameter name="CONFIG.PCW_TTC_PERIPHERAL_FREQMHZ" value="50"/>
	   <user_parameter name="CONFIG.PCW_UART0_PERIPHERAL_ENABLE" value="0"/>
	   <user_parameter name="CONFIG.PCW_UART1_BASEADDR" value="0xE0001000"/>
	   <user_parameter name="CONFIG.PCW_UART1_BAUD_RATE" value="115200"/>
	   <user_parameter name="CONFIG.PCW_UART1_GRP_FULL_ENABLE" value="0"/>
	   <user_parameter name="CONFIG.PCW_UART1_HIGHADDR" value="0xE0001FFF"/>
	   <user_parameter name="CONFIG.PCW_UART1_PERIPHERAL_ENABLE" value="1"/>
	   <user_parameter name="CONFIG.PCW_UART1_UART1_IO" value="MIO 48 .. 49"/>
	   <user_parameter name="CONFIG.PCW_UART_PERIPHERAL_CLKSRC" value="IO PLL"/>
	   <user_parameter name="CONFIG.PCW_UART_PERIPHERAL_FREQMHZ" value="100"/>
	   <user_parameter name="CONFIG.PCW_UART_PERIPHERAL_VALID" value="1"/>
	   <user_parameter name="CONFIG.PCW_UIPARAM_ACT_DDR_FREQ_MHZ" value="525.000000"/>
	   <user_parameter name="CONFIG.PCW_UIPARAM_DDR_ADV_ENABLE" value="0"/>
	   <user_parameter name="CONFIG.PCW_UIPARAM_DDR_AL" value="0"/>
	   <user_parameter name="CONFIG.PCW_UIPARAM_DDR_BL" value="8"/>
	   <user_parameter name="CONFIG.PCW_UIPARAM_DDR_BOARD_DELAY0" value="0.176"/>
	   <user_parameter name="CONFIG.PCW_UIPARAM_DDR_BOARD_DELAY1" value="0.159"/>
	   <user_parameter name="CONFIG.PCW_UIPARAM_DDR_BOARD_DELAY2" value="0.162"/>
	   <user_parameter name="CONFIG.PCW_UIPARAM_DDR_BOARD_DELAY3" value="0.187"/>
	   <user_parameter name="CONFIG.PCW_UIPARAM_DDR_BUS_WIDTH" value="32 Bit"/>
	   <user_parameter name="CONFIG.PCW_UIPARAM_DDR_CLOCK_0_LENGTH_MM" value="0"/>
	   <user_parameter name="CONFIG.PCW_UIPARAM_DDR_CLOCK_0_PACKAGE_LENGTH" value="54.563"/>
	   <user_parameter name="CONFIG.PCW_UIPARAM_DDR_CLOCK_0_PROPOGATION_DELAY" value="160"/>
	   <user_parameter name="CONFIG.PCW_UIPARAM_DDR_CLOCK_1_LENGTH_MM" value="0"/>
	   <user_parameter name="CONFIG.PCW_UIPARAM_DDR_CLOCK_1_PACKAGE_LENGTH" value="54.563"/>
	   <user_parameter name="CONFIG.PCW_UIPARAM_DDR_CLOCK_1_PROPOGATION_DELAY" value="160"/>
	   <user_parameter name="CONFIG.PCW_UIPARAM_DDR_CLOCK_2_LENGTH_MM" value="0"/>
	   <user_parameter name="CONFIG.PCW_UIPARAM_DDR_CLOCK_2_PACKAGE_LENGTH" value="54.563"/>
	   <user_parameter name="CONFIG.PCW_UIPARAM_DDR_CLOCK_2_PROPOGATION_DELAY" value="160"/>
	   <user_parameter name="CONFIG.PCW_UIPARAM_DDR_CLOCK_3_LENGTH_MM" value="0"/>
	   <user_parameter name="CONFIG.PCW_UIPARAM_DDR_CLOCK_3_PACKAGE_LENGTH" value="54.563"/>
	   <user_parameter name="CONFIG.PCW_UIPARAM_DDR_CLOCK_3_PROPOGATION_DELAY" value="160"/>
	   <user_parameter name="CONFIG.PCW_UIPARAM_DDR_CLOCK_STOP_EN" value="0"/>
	   <user_parameter name="CONFIG.PCW_UIPARAM_DDR_DQS_0_LENGTH_MM" value="0"/>
	   <user_parameter name="CONFIG.PCW_UIPARAM_DDR_DQS_0_PACKAGE_LENGTH" value="101.239"/>
	   <user_parameter name="CONFIG.PCW_UIPARAM_DDR_DQS_0_PROPOGATION_DELAY" value="160"/>
	   <user_parameter name="CONFIG.PCW_UIPARAM_DDR_DQS_1_LENGTH_MM" value="0"/>
	   <user_parameter name="CONFIG.PCW_UIPARAM_DDR_DQS_1_PACKAGE_LENGTH" value="79.5025"/>
	   <user_parameter name="CONFIG.PCW_UIPARAM_DDR_DQS_1_PROPOGATION_DELAY" value="160"/>
	   <user_parameter name="CONFIG.PCW_UIPARAM_DDR_DQS_2_LENGTH_MM" value="0"/>
	   <user_parameter name="CONFIG.PCW_UIPARAM_DDR_DQS_2_PACKAGE_LENGTH" value="60.536"/>
	   <user_parameter name="CONFIG.PCW_UIPARAM_DDR_DQS_2_PROPOGATION_DELAY" value="160"/>
	   <user_parameter name="CONFIG.PCW_UIPARAM_DDR_DQS_3_LENGTH_MM" value="0"/>
	   <user_parameter name="CONFIG.PCW_UIPARAM_DDR_DQS_3_PACKAGE_LENGTH" value="71.7715"/>
	   <user_parameter name="CONFIG.PCW_UIPARAM_DDR_DQS_3_PROPOGATION_DELAY" value="160"/>
	   <user_parameter name="CONFIG.PCW_UIPARAM_DDR_DQS_TO_CLK_DELAY_0" value="-0.073"/>
	   <user_parameter name="CONFIG.PCW_UIPARAM_DDR_DQS_TO_CLK_DELAY_1" value="-0.034"/>
	   <user_parameter name="CONFIG.PCW_UIPARAM_DDR_DQS_TO_CLK_DELAY_2" value="-0.03"/>
	   <user_parameter name="CONFIG.PCW_UIPARAM_DDR_DQS_TO_CLK_DELAY_3" value="-0.082"/>
	   <user_parameter name="CONFIG.PCW_UIPARAM_DDR_DQ_0_LENGTH_MM" value="0"/>
	   <user_parameter name="CONFIG.PCW_UIPARAM_DDR_DQ_0_PACKAGE_LENGTH" value="104.5365"/>
	   <user_parameter name="CONFIG.PCW_UIPARAM_DDR_DQ_0_PROPOGATION_DELAY" value="160"/>
	   <user_parameter name="CONFIG.PCW_UIPARAM_DDR_DQ_1_LENGTH_MM" value="0"/>
	   <user_parameter name="CONFIG.PCW_UIPARAM_DDR_DQ_1_PACKAGE_LENGTH" value="70.676"/>
	   <user_parameter name="CONFIG.PCW_UIPARAM_DDR_DQ_1_PROPOGATION_DELAY" value="160"/>
	   <user_parameter name="CONFIG.PCW_UIPARAM_DDR_DQ_2_LENGTH_MM" value="0"/>
	   <user_parameter name="CONFIG.PCW_UIPARAM_DDR_DQ_2_PACKAGE_LENGTH" value="59.1615"/>
	   <user_parameter name="CONFIG.PCW_UIPARAM_DDR_DQ_2_PROPOGATION_DELAY" value="160"/>
	   <user_parameter name="CONFIG.PCW_UIPARAM_DDR_DQ_3_LENGTH_MM" value="0"/>
	   <user_parameter name="CONFIG.PCW_UIPARAM_DDR_DQ_3_PACKAGE_LENGTH" value="81.319"/>
	   <user_parameter name="CONFIG.PCW_UIPARAM_DDR_DQ_3_PROPOGATION_DELAY" value="160"/>
	   <user_parameter name="CONFIG.PCW_UIPARAM_DDR_ENABLE" value="1"/>
	   <user_parameter name="CONFIG.PCW_UIPARAM_DDR_FREQ_MHZ" value="525"/>
	   <user_parameter name="CONFIG.PCW_UIPARAM_DDR_HIGH_TEMP" value="Normal (0-85)"/>
	   <user_parameter name="CONFIG.PCW_UIPARAM_DDR_MEMORY_TYPE" value="DDR 3"/>
	   <user_parameter name="CONFIG.PCW_UIPARAM_DDR_PARTNO" value="MT41K128M16 JT-125"/>
	   <user_parameter name="CONFIG.PCW_UIPARAM_DDR_TRAIN_DATA_EYE" value="1"/>
	   <user_parameter name="CONFIG.PCW_UIPARAM_DDR_TRAIN_READ_GATE" value="1"/>
	   <user_parameter name="CONFIG.PCW_UIPARAM_DDR_TRAIN_WRITE_LEVEL" value="1"/>
	   <user_parameter name="CONFIG.PCW_UIPARAM_DDR_USE_INTERNAL_VREF" value="0"/>
	   <user_parameter name="CONFIG.PCW_UIPARAM_GENERATE_SUMMARY" value="NA"/>
	   <user_parameter name="CONFIG.PCW_USB0_BASEADDR" value="0xE0102000"/>
	   <user_parameter name="CONFIG.PCW_USB0_HIGHADDR" value="0xE0102fff"/>
	   <user_parameter name="CONFIG.PCW_USB0_PERIPHERAL_ENABLE" value="1"/>
	   <user_parameter name="CONFIG.PCW_USB0_RESET_ENABLE" value="1"/>
	   <user_parameter name="CONFIG.PCW_USB0_RESET_IO" value="MIO 46"/>
	   <user_parameter name="CONFIG.PCW_USB0_USB0_IO" value="MIO 28 .. 39"/>
	   <user_parameter name="CONFIG.PCW_USB1_PERIPHERAL_ENABLE" value="0"/>
	   <user_parameter name="CONFIG.PCW_USB_RESET_ENABLE" value="1"/>
	   <user_parameter name="CONFIG.PCW_USB_RESET_POLARITY" value="Active Low"/>
	   <user_parameter name="CONFIG.PCW_USB_RESET_SELECT" value="Share reset pin"/>
	   <user_parameter name="CONFIG.PCW_USE_AXI_FABRIC_IDLE" value="0"/>
	   <user_parameter name="CONFIG.PCW_USE_AXI_NONSECURE" value="0"/>
	   <user_parameter name="CONFIG.PCW_USE_CORESIGHT" value="0"/>
	   <user_parameter name="CONFIG.PCW_USE_CROSS_TRIGGER" value="0"/>
	   <user_parameter name="CONFIG.PCW_USE_CR_FABRIC" value="1"/>
	   <user_parameter name="CONFIG.PCW_USE_DDR_BYPASS" value="0"/>
	   <user_parameter name="CONFIG.PCW_USE_DEBUG" value="0"/>
	   <user_parameter name="CONFIG.PCW_USE_DMA0" value="0"/>
	   <user_parameter name="CONFIG.PCW_USE_DMA1" value="0"/>
	   <user_parameter name="CONFIG.PCW_USE_DMA2" value="0"/>
	   <user_parameter name="CONFIG.PCW_USE_DMA3" value="0"/>
	   <user_parameter name="CONFIG.PCW_USE_EXPANDED_IOP" value="0"/>
	   <user_parameter name="CONFIG.PCW_USE_FABRIC_INTERRUPT" value="0"/>
	   <user_parameter name="CONFIG.PCW_USE_HIGH_OCM" value="0"/>
	   <user_parameter name="CONFIG.PCW_USE_M_AXI_GP0" value="1"/>
	   <user_parameter name="CONFIG.PCW_USE_M_AXI_GP1" value="0"/>
	   <user_parameter name="CONFIG.PCW_USE_PROC_EVENT_BUS" value="0"/>
	   <user_parameter name="CONFIG.PCW_USE_PS_SLCR_REGISTERS" value="0"/>
	   <user_parameter name="CONFIG.PCW_USE_S_AXI_ACP" value="0"/>
	   <user_parameter name="CONFIG.PCW_USE_S_AXI_GP0" value="0"/>
	   <user_parameter name="CONFIG.PCW_USE_S_AXI_GP1" value="0"/>
	   <user_parameter name="CONFIG.PCW_USE_S_AXI_HP0" value="0"/>
	   <user_parameter name="CONFIG.PCW_USE_S_AXI_HP1" value="0"/>
	   <user_parameter name="CONFIG.PCW_USE_S_AXI_HP2" value="0"/>
	   <user_parameter name="CONFIG.PCW_USE_S_AXI_HP3" value="0"/>
	   <user_parameter name="CONFIG.PCW_USE_TRACE" value="0"/>
	   <user_parameter name="CONFIG.PCW_VALUE_SILVERSION" value="3"/>
	   <user_parameter name="CONFIG.PCW_WDT_PERIPHERAL_CLKSRC" value="CPU_1X"/>
	   <user_parameter name="CONFIG.PCW_WDT_PERIPHERAL_DIVISOR0" value="1"/>
	   <user_parameter name="CONFIG.PCW_WDT_PERIPHERAL_ENABLE" value="0"/>
      </user_parameters>
    </ip>
  </ip_preset>
  
  <ip_preset preset_proc_name="dip_switches_4bits_preset">
    <ip vendor="xilinx.com" library="ip" name="axi_gpio" ip_interface="GPIO">
        <user_parameters>
          <user_parameter name="CONFIG.C_GPIO_WIDTH" value="4"/> 
          <user_parameter name="CONFIG.C_ALL_INPUTS" value="1"/> 
	  <user_parameter name="CONFIG.C_ALL_OUTPUTS" value="0"/>
        </user_parameters>
    </ip>
    <ip vendor="xilinx.com" library="ip" name="axi_gpio" ip_interface="GPIO2">
        <user_parameters>
          <user_parameter name="CONFIG.C_IS_DUAL" value="1"/> 
          <user_parameter name="CONFIG.C_GPIO2_WIDTH" value="4"/> 
          <user_parameter name="CONFIG.C_ALL_INPUTS_2" value="1"/> 
	  <user_parameter name="CONFIG.C_ALL_OUTPUTS_2" value="0"/>
        </user_parameters>
    </ip>
	<ip vendor="xilinx.com" library="ip" name="iomodule" ip_interface="GPIO1">
        <user_parameters>
          <user_parameter name="CONFIG.C_USE_GPI1" value="1"/> 
          <user_parameter name="CONFIG.C_GPI1_SIZE" value="4"/> 
        </user_parameters>
    </ip>
    <ip vendor="xilinx.com" library="ip" name="iomodule" ip_interface="GPIO2">
        <user_parameters>
          <user_parameter name="CONFIG.C_USE_GPI2" value="1"/> 
          <user_parameter name="CONFIG.C_GPI2_SIZE" value="4"/> 
        </user_parameters>
    </ip>
    <ip vendor="xilinx.com" library="ip" name="iomodule" ip_interface="GPIO3">
        <user_parameters>
          <user_parameter name="CONFIG.C_USE_GPI3" value="1"/> 
          <user_parameter name="CONFIG.C_GPI3_SIZE" value="4"/> 
        </user_parameters>
    </ip>
    <ip vendor="xilinx.com" library="ip" name="iomodule" ip_interface="GPIO4">
        <user_parameters>
          <user_parameter name="CONFIG.C_USE_GPI4" value="1"/> 
          <user_parameter name="CONFIG.C_GPI4_SIZE" value="4"/> 
        </user_parameters>
    </ip>
    <ip vendor="xilinx.com" library="ip" name="microblaze_mcs" ip_interface="GPIO1">
        <user_parameters>
          <user_parameter name="CONFIG.USE_GPI1" value="1"/> 
          <user_parameter name="CONFIG.GPI1_SIZE" value="4"/> 
        </user_parameters>
    </ip>
    <ip vendor="xilinx.com" library="ip" name="microblaze_mcs" ip_interface="GPIO2">
        <user_parameters>
          <user_parameter name="CONFIG.USE_GPI2" value="1"/> 
          <user_parameter name="CONFIG.GPI2_SIZE" value="4"/> 
        </user_parameters>
    </ip>
     <ip vendor="xilinx.com" library="ip" name="microblaze_mcs" ip_interface="GPIO3">
        <user_parameters>
          <user_parameter name="CONFIG.USE_GPI3" value="1"/> 
          <user_parameter name="CONFIG.GPI1_SIZE" value="4"/> 
        </user_parameters>
    </ip>
    <ip vendor="xilinx.com" library="ip" name="microblaze_mcs" ip_interface="GPIO4">
        <user_parameters>
          <user_parameter name="CONFIG.USE_GPI4" value="1"/> 
          <user_parameter name="CONFIG.GPI2_SIZE" value="4"/> 
        </user_parameters>
    </ip>
  </ip_preset>
  
  <ip_preset preset_proc_name="push_buttons_4bits_preset">
    <ip vendor="xilinx.com" library="ip" name="axi_gpio" ip_interface="GPIO">
        <user_parameters>
          <user_parameter name="CONFIG.C_GPIO_WIDTH" value="4"/> 
          <user_parameter name="CONFIG.C_ALL_INPUTS" value="1"/> 
	  <user_parameter name="CONFIG.C_ALL_OUTPUTS" value="0"/>
        </user_parameters>
    </ip>
    <ip vendor="xilinx.com" library="ip" name="axi_gpio" ip_interface="GPIO2">
        <user_parameters>
          <user_parameter name="CONFIG.C_IS_DUAL" value="1"/> 
          <user_parameter name="CONFIG.C_GPIO2_WIDTH" value="4"/> 
          <user_parameter name="CONFIG.C_ALL_INPUTS_2" value="1"/> 
	  <user_parameter name="CONFIG.C_ALL_OUTPUTS_2" value="0"/>
        </user_parameters>
    </ip>
	<ip vendor="xilinx.com" library="ip" name="iomodule" ip_interface="GPIO1">
        <user_parameters>
          <user_parameter name="CONFIG.C_USE_GPI1" value="1"/> 
          <user_parameter name="CONFIG.C_GPI1_SIZE" value="4"/> 
        </user_parameters>
    </ip>
    <ip vendor="xilinx.com" library="ip" name="iomodule" ip_interface="GPIO2">
        <user_parameters>
          <user_parameter name="CONFIG.C_USE_GPI2" value="1"/> 
          <user_parameter name="CONFIG.C_GPI2_SIZE" value="4"/> 
        </user_parameters>
    </ip>
    <ip vendor="xilinx.com" library="ip" name="iomodule" ip_interface="GPIO3">
        <user_parameters>
          <user_parameter name="CONFIG.C_USE_GPI3" value="1"/> 
          <user_parameter name="CONFIG.C_GPI3_SIZE" value="4"/> 
        </user_parameters>
    </ip>
    <ip vendor="xilinx.com" library="ip" name="iomodule" ip_interface="GPIO4">
        <user_parameters>
          <user_parameter name="CONFIG.C_USE_GPI4" value="1"/> 
          <user_parameter name="CONFIG.C_GPI4_SIZE" value="4"/> 
        </user_parameters>
    </ip>
    <ip vendor="xilinx.com" library="ip" name="microblaze_mcs" ip_interface="GPIO1">
        <user_parameters>
          <user_parameter name="CONFIG.USE_GPI1" value="1"/> 
          <user_parameter name="CONFIG.GPI1_SIZE" value="4"/> 
        </user_parameters>
    </ip>
    <ip vendor="xilinx.com" library="ip" name="microblaze_mcs" ip_interface="GPIO2">
        <user_parameters>
          <user_parameter name="CONFIG.USE_GPI2" value="1"/> 
          <user_parameter name="CONFIG.GPI2_SIZE" value="4"/> 
        </user_parameters>
    </ip>
     <ip vendor="xilinx.com" library="ip" name="microblaze_mcs" ip_interface="GPIO3">
        <user_parameters>
          <user_parameter name="CONFIG.USE_GPI3" value="1"/> 
          <user_parameter name="CONFIG.GPI1_SIZE" value="4"/> 
        </user_parameters>
    </ip>
    <ip vendor="xilinx.com" library="ip" name="microblaze_mcs" ip_interface="GPIO4">
        <user_parameters>
          <user_parameter name="CONFIG.USE_GPI4" value="1"/> 
          <user_parameter name="CONFIG.GPI2_SIZE" value="4"/> 
        </user_parameters>
    </ip>
  </ip_preset>
  
  <ip_preset preset_proc_name="led_4bits_preset">
    <ip vendor="xilinx.com" library="ip" name="axi_gpio" ip_interface="GPIO">
        <user_parameters>
          <user_parameter name="CONFIG.C_GPIO_WIDTH" value="4"/> 
        </user_parameters>
    </ip>
    <ip vendor="xilinx.com" library="ip" name="axi_gpio" ip_interface="GPIO2">
        <user_parameters>
          <user_parameter name="CONFIG.C_IS_DUAL" value="1"/> 
          <user_parameter name="CONFIG.C_GPIO2_WIDTH" value="4"/> 
        </user_parameters>
    </ip>
	<ip vendor="xilinx.com" library="ip" name="iomodule" ip_interface="GPIO1">
        <user_parameters>
          <user_parameter name="CONFIG.C_USE_GPI1" value="1"/> 
          <user_parameter name="CONFIG.C_GPI1_SIZE" value="4"/> 
        </user_parameters>
    </ip>
    <ip vendor="xilinx.com" library="ip" name="iomodule" ip_interface="GPIO2">
        <user_parameters>
          <user_parameter name="CONFIG.C_USE_GPI2" value="1"/> 
          <user_parameter name="CONFIG.C_GPI2_SIZE" value="4"/> 
        </user_parameters>
    </ip>
    <ip vendor="xilinx.com" library="ip" name="iomodule" ip_interface="GPIO3">
        <user_parameters>
          <user_parameter name="CONFIG.C_USE_GPI3" value="1"/> 
          <user_parameter name="CONFIG.C_GPI3_SIZE" value="4"/> 
        </user_parameters>
    </ip>
    <ip vendor="xilinx.com" library="ip" name="iomodule" ip_interface="GPIO4">
        <user_parameters>
          <user_parameter name="CONFIG.C_USE_GPI4" value="1"/> 
          <user_parameter name="CONFIG.C_GPI4_SIZE" value="4"/> 
        </user_parameters>
    </ip>
    <ip vendor="xilinx.com" library="ip" name="microblaze_mcs" ip_interface="GPIO1">
        <user_parameters>
          <user_parameter name="CONFIG.USE_GPI1" value="1"/> 
          <user_parameter name="CONFIG.GPI1_SIZE" value="4"/> 
        </user_parameters>
    </ip>
    <ip vendor="xilinx.com" library="ip" name="microblaze_mcs" ip_interface="GPIO2">
        <user_parameters>
          <user_parameter name="CONFIG.USE_GPI2" value="1"/> 
          <user_parameter name="CONFIG.GPI2_SIZE" value="4"/> 
        </user_parameters>
    </ip>
     <ip vendor="xilinx.com" library="ip" name="microblaze_mcs" ip_interface="GPIO3">
        <user_parameters>
          <user_parameter name="CONFIG.USE_GPI3" value="1"/> 
          <user_parameter name="CONFIG.GPI1_SIZE" value="4"/> 
        </user_parameters>
    </ip>
    <ip vendor="xilinx.com" library="ip" name="microblaze_mcs" ip_interface="GPIO4">
        <user_parameters>
          <user_parameter name="CONFIG.USE_GPI4" value="1"/> 
          <user_parameter name="CONFIG.GPI2_SIZE" value="4"/> 
        </user_parameters>
    </ip>
  </ip_preset>
  
  <ip_preset preset_proc_name="output_1bit_preset">
    <ip vendor="xilinx.com" library="ip" name="axi_gpio" ip_interface="GPIO">
        <user_parameters>
          <user_parameter name="CONFIG.C_GPIO_WIDTH" value="1"/> 
        </user_parameters>
    </ip>
    <ip vendor="xilinx.com" library="ip" name="axi_gpio" ip_interface="GPIO2">
        <user_parameters>
          <user_parameter name="CONFIG.C_IS_DUAL" value="1"/> 
          <user_parameter name="CONFIG.C_GPIO2_WIDTH" value="1"/> 
        </user_parameters>
    </ip>
	<ip vendor="xilinx.com" library="ip" name="iomodule" ip_interface="GPIO1">
        <user_parameters>
          <user_parameter name="CONFIG.C_USE_GPI1" value="1"/> 
          <user_parameter name="CONFIG.C_GPI1_SIZE" value="1"/> 
        </user_parameters>
    </ip>
    <ip vendor="xilinx.com" library="ip" name="iomodule" ip_interface="GPIO2">
        <user_parameters>
          <user_parameter name="CONFIG.C_USE_GPI2" value="1"/> 
          <user_parameter name="CONFIG.C_GPI2_SIZE" value="1"/> 
        </user_parameters>
    </ip>
    <ip vendor="xilinx.com" library="ip" name="iomodule" ip_interface="GPIO3">
        <user_parameters>
          <user_parameter name="CONFIG.C_USE_GPI3" value="1"/> 
          <user_parameter name="CONFIG.C_GPI3_SIZE" value="1"/> 
        </user_parameters>
    </ip>
    <ip vendor="xilinx.com" library="ip" name="iomodule" ip_interface="GPIO4">
        <user_parameters>
          <user_parameter name="CONFIG.C_USE_GPI4" value="1"/> 
          <user_parameter name="CONFIG.C_GPI4_SIZE" value="1"/> 
        </user_parameters>
    </ip>
    <ip vendor="xilinx.com" library="ip" name="microblaze_mcs" ip_interface="GPIO1">
        <user_parameters>
          <user_parameter name="CONFIG.USE_GPI1" value="1"/> 
          <user_parameter name="CONFIG.GPI1_SIZE" value="1"/> 
        </user_parameters>
    </ip>
    <ip vendor="xilinx.com" library="ip" name="microblaze_mcs" ip_interface="GPIO2">
        <user_parameters>
          <user_parameter name="CONFIG.USE_GPI2" value="1"/> 
          <user_parameter name="CONFIG.GPI2_SIZE" value="1"/> 
        </user_parameters>
    </ip>
     <ip vendor="xilinx.com" library="ip" name="microblaze_mcs" ip_interface="GPIO3">
        <user_parameters>
          <user_parameter name="CONFIG.USE_GPI3" value="1"/> 
          <user_parameter name="CONFIG.GPI1_SIZE" value="1"/> 
        </user_parameters>
    </ip>
    <ip vendor="xilinx.com" library="ip" name="microblaze_mcs" ip_interface="GPIO4">
        <user_parameters>
          <user_parameter name="CONFIG.USE_GPI4" value="1"/> 
          <user_parameter name="CONFIG.GPI2_SIZE" value="1"/> 
        </user_parameters>
    </ip>
  </ip_preset>
  
  <ip_preset preset_proc_name="sys_clock_preset">
    <ip vendor="xilinx.com" library="ip" name="clk_wiz" ip_interface="clk_in1">
        <user_parameters>
          <user_parameter name="CONFIG.PRIM_IN_FREQ" value="125"/> 
          <user_parameter name="CONFIG.PRIM_SOURCE" value="Single_ended_clock_capable_pin"/> 
		  <user_parameter name="CONFIG.RESET_TYPE" value="ACTIVE_LOW"/> 
        </user_parameters>
    </ip>
    <ip vendor="xilinx.com" library="ip" name="clk_wiz" ip_interface="clk_in2">
        <user_parameters>
	<user_parameter name="CONFIG.USE_INCLK_SWITCHOVER" value="true"/>
        <user_parameter name="CONFIG.SECONDARY_IN_FREQ" value="125"/>
        <user_parameter name="CONFIG.SECONDARY_SOURCE" value="Single_ended_clock_capable_pin"/> 
		<user_parameter name="CONFIG.RESET_TYPE" value="ACTIVE_LOW"/> 
        </user_parameters>
    </ip>
  </ip_preset>
</ip_presets>
